iter	RMSE
<<<<<<< HEAD
0	6.895389986
1	4.859081782
2	3.627147691
3	2.720360768
4	2.040270576
5	1.530202932
6	1.147652199
7	0.8607391493
8	0.6455543619
9	0.4841657715
10	0.3631243286
11	0.2723432464
12	0.2042574348
13	0.1531930761
14	0.1148948071
15	0.08617110532
16	0.06462832899
17	0.04847124674
18	0.03635343506
19	0.02726507629
20	0.02044880722
21	0.01533660541
22	0.01150245406
23	0.008626840546
24	0.006470130409
25	0.004852597807
26	0.003639448355
27	0.002729586266
28	0.0020471897
29	0.001535392275
30	0.001151544206
31	0.0008636581546
32	0.000647743616
33	0.000485807712
34	0.000364355784
35	0.000273266838
36	0.0002049501285
37	0.0001537125964
38	0.0001152844473
39	8.646333546e-05
40	6.484750159e-05
41	4.863562619e-05
42	3.647671965e-05
43	2.735753973e-05
44	2.05181548e-05
45	1.53886161e-05
46	1.154146208e-05
47	8.656096557e-06
48	6.492072417e-06
49	4.869054312e-06
50	3.651790734e-06
51	2.73884305e-06
52	2.054132288e-06
53	1.540599215e-06
54	1.155449411e-06
55	8.665870573e-07
56	6.499402938e-07
57	4.874552204e-07
58	3.655914162e-07
59	2.741935613e-07
60	2.05645171e-07
61	1.542338782e-07
62	1.156754086e-07
63	8.675655732e-08
64	6.506741789e-08
65	4.880056429e-08
66	3.660042321e-08
67	2.745031699e-08
68	2.058773862e-08
69	1.544080405e-08
70	1.158060348e-08
71	8.685452613e-09
72	6.514090329e-09
73	4.885567756e-09
74	3.664176564e-09
75	2.748133231e-09
76	2.061099954e-09
77	1.545825405e-09
78	1.159369423e-09
79	8.695274449e-10
80	6.52145574e-10
81	4.891099772e-10
82	3.668324932e-10
83	2.751236228e-10
84	2.063419909e-10
85	1.547572091e-10
86	1.16068765e-10
87	8.705163454e-11
88	6.528791808e-11
89	4.896511082e-11
90	3.672382278e-11
91	2.754330582e-11
92	2.065784692e-11
93	1.549374305e-11
94	1.1619899e-11
95	8.715220729e-12
96	6.536732748e-12
97	4.902509683e-12
98	3.676135052e-12
99	2.757848398e-12
100	2.069214897e-12
101	1.551032284e-12
102	1.163193082e-12
103	8.72444879e-13
104	6.546824392e-13
105	4.906337832e-13
106	3.679556649e-13
107	2.767645048e-13
108	2.076337011e-13
109	1.560934091e-13
110	1.166916228e-13
111	8.721358366e-14
112	6.535895299e-14
113	4.949005152e-14
114	3.751699708e-14
115	2.76784189e-14
116	1.997537751e-14
117	1.575108741e-14
118	1.185029819e-14
119	8.195371286e-15
120	6.268583081e-15
121	4.440892099e-15
122	4.242156221e-15
123	4.119810119e-15
124	4.071658748e-15
125	4.035168165e-15
126	4.021398831e-15
127	4.010656666e-15
128	4.002966042e-15
129	4.002966042e-15
130	4.002966042e-15
131	4.002966042e-15
132	4.002966042e-15
133	4.002966042e-15
134	4.002966042e-15
135	4.002966042e-15
136	4.002966042e-15
137	4.002966042e-15
138	4.002966042e-15
139	4.002966042e-15
140	4.002966042e-15
141	4.002966042e-15
142	4.002966042e-15
143	4.002966042e-15
144	4.002966042e-15
145	4.002966042e-15
146	4.002966042e-15
147	4.002966042e-15
148	4.002966042e-15
149	4.002966042e-15
150	4.002966042e-15
151	4.002966042e-15
152	4.002966042e-15
153	4.002966042e-15
154	4.002966042e-15
155	4.002966042e-15
156	4.002966042e-15
157	4.002966042e-15
158	4.002966042e-15
159	4.002966042e-15
160	4.002966042e-15
161	4.002966042e-15
162	4.002966042e-15
163	4.002966042e-15
164	4.002966042e-15
165	4.002966042e-15
166	4.002966042e-15
167	4.002966042e-15
168	4.002966042e-15
169	4.002966042e-15
170	4.002966042e-15
171	4.002966042e-15
172	4.002966042e-15
173	4.002966042e-15
174	4.002966042e-15
175	4.002966042e-15
176	4.002966042e-15
177	4.002966042e-15
178	4.002966042e-15
179	4.002966042e-15
180	4.002966042e-15
181	4.002966042e-15
182	4.002966042e-15
183	4.002966042e-15
184	4.002966042e-15
185	4.002966042e-15
186	4.002966042e-15
187	4.002966042e-15
188	4.002966042e-15
189	4.002966042e-15
190	4.002966042e-15
191	4.002966042e-15
192	4.002966042e-15
193	4.002966042e-15
194	4.002966042e-15
195	4.002966042e-15
196	4.002966042e-15
197	4.002966042e-15
198	4.002966042e-15
199	4.002966042e-15
200	4.002966042e-15
201	4.002966042e-15
202	4.002966042e-15
203	4.002966042e-15
204	4.002966042e-15
205	4.002966042e-15
206	4.002966042e-15
207	4.002966042e-15
208	4.002966042e-15
209	4.002966042e-15
210	4.002966042e-15
211	4.002966042e-15
212	4.002966042e-15
213	4.002966042e-15
214	4.002966042e-15
215	4.002966042e-15
216	4.002966042e-15
217	4.002966042e-15
218	4.002966042e-15
219	4.002966042e-15
220	4.002966042e-15
221	4.002966042e-15
222	4.002966042e-15
223	4.002966042e-15
224	4.002966042e-15
225	4.002966042e-15
226	4.002966042e-15
227	4.002966042e-15
228	4.002966042e-15
229	4.002966042e-15
230	4.002966042e-15
231	4.002966042e-15
232	4.002966042e-15
233	4.002966042e-15
234	4.002966042e-15
235	4.002966042e-15
236	4.002966042e-15
237	4.002966042e-15
238	4.002966042e-15
239	4.002966042e-15
240	4.002966042e-15
241	4.002966042e-15
242	4.002966042e-15
243	4.002966042e-15
244	4.002966042e-15
245	4.002966042e-15
246	4.002966042e-15
247	4.002966042e-15
248	4.002966042e-15
249	4.002966042e-15
250	4.002966042e-15
251	4.002966042e-15
252	4.002966042e-15
253	4.002966042e-15
254	4.002966042e-15
255	4.002966042e-15
256	4.002966042e-15
257	4.002966042e-15
258	4.002966042e-15
259	4.002966042e-15
260	4.002966042e-15
261	4.002966042e-15
262	4.002966042e-15
263	4.002966042e-15
264	4.002966042e-15
265	4.002966042e-15
266	4.002966042e-15
267	4.002966042e-15
268	4.002966042e-15
269	4.002966042e-15
270	4.002966042e-15
271	4.002966042e-15
272	4.002966042e-15
273	4.002966042e-15
274	4.002966042e-15
275	4.002966042e-15
276	4.002966042e-15
277	4.002966042e-15
278	4.002966042e-15
279	4.002966042e-15
280	4.002966042e-15
281	4.002966042e-15
282	4.002966042e-15
283	4.002966042e-15
284	4.002966042e-15
285	4.002966042e-15
286	4.002966042e-15
287	4.002966042e-15
288	4.002966042e-15
289	4.002966042e-15
290	4.002966042e-15
291	4.002966042e-15
292	4.002966042e-15
293	4.002966042e-15
294	4.002966042e-15
295	4.002966042e-15
296	4.002966042e-15
297	4.002966042e-15
298	4.002966042e-15
299	4.002966042e-15
300	4.002966042e-15
301	4.002966042e-15
302	4.002966042e-15
303	4.002966042e-15
304	4.002966042e-15
305	4.002966042e-15
306	4.002966042e-15
307	4.002966042e-15
308	4.002966042e-15
309	4.002966042e-15
310	4.002966042e-15
311	4.002966042e-15
312	4.002966042e-15
313	4.002966042e-15
314	4.002966042e-15
315	4.002966042e-15
316	4.002966042e-15
317	4.002966042e-15
318	4.002966042e-15
319	4.002966042e-15
320	4.002966042e-15
321	4.002966042e-15
322	4.002966042e-15
323	4.002966042e-15
324	4.002966042e-15
325	4.002966042e-15
326	4.002966042e-15
327	4.002966042e-15
328	4.002966042e-15
329	4.002966042e-15
330	4.002966042e-15
331	4.002966042e-15
332	4.002966042e-15
333	4.002966042e-15
334	4.002966042e-15
335	4.002966042e-15
336	4.002966042e-15
337	4.002966042e-15
338	4.002966042e-15
339	4.002966042e-15
340	4.002966042e-15
341	4.002966042e-15
342	4.002966042e-15
343	4.002966042e-15
344	4.002966042e-15
345	4.002966042e-15
346	4.002966042e-15
347	4.002966042e-15
348	4.002966042e-15
349	4.002966042e-15
350	4.002966042e-15
351	4.002966042e-15
352	4.002966042e-15
353	4.002966042e-15
354	4.002966042e-15
355	4.002966042e-15
356	4.002966042e-15
357	4.002966042e-15
358	4.002966042e-15
359	4.002966042e-15
360	4.002966042e-15
361	4.002966042e-15
362	4.002966042e-15
363	4.002966042e-15
364	4.002966042e-15
365	4.002966042e-15
366	4.002966042e-15
367	4.002966042e-15
368	4.002966042e-15
369	4.002966042e-15
370	4.002966042e-15
371	4.002966042e-15
372	4.002966042e-15
373	4.002966042e-15
374	4.002966042e-15
375	4.002966042e-15
376	4.002966042e-15
377	4.002966042e-15
378	4.002966042e-15
379	4.002966042e-15
380	4.002966042e-15
381	4.002966042e-15
382	4.002966042e-15
383	4.002966042e-15
384	4.002966042e-15
385	4.002966042e-15
386	4.002966042e-15
387	4.002966042e-15
388	4.002966042e-15
389	4.002966042e-15
390	4.002966042e-15
391	4.002966042e-15
392	4.002966042e-15
393	4.002966042e-15
394	4.002966042e-15
395	4.002966042e-15
396	4.002966042e-15
397	4.002966042e-15
398	4.002966042e-15
399	4.002966042e-15
400	4.002966042e-15
401	4.002966042e-15
402	4.002966042e-15
403	4.002966042e-15
404	4.002966042e-15
405	4.002966042e-15
406	4.002966042e-15
407	4.002966042e-15
408	4.002966042e-15
409	4.002966042e-15
410	4.002966042e-15
411	4.002966042e-15
412	4.002966042e-15
413	4.002966042e-15
414	4.002966042e-15
415	4.002966042e-15
416	4.002966042e-15
417	4.002966042e-15
418	4.002966042e-15
419	4.002966042e-15
420	4.002966042e-15
421	4.002966042e-15
422	4.002966042e-15
423	4.002966042e-15
424	4.002966042e-15
425	4.002966042e-15
426	4.002966042e-15
427	4.002966042e-15
428	4.002966042e-15
429	4.002966042e-15
430	4.002966042e-15
431	4.002966042e-15
432	4.002966042e-15
433	4.002966042e-15
434	4.002966042e-15
435	4.002966042e-15
436	4.002966042e-15
437	4.002966042e-15
438	4.002966042e-15
439	4.002966042e-15
440	4.002966042e-15
441	4.002966042e-15
442	4.002966042e-15
443	4.002966042e-15
444	4.002966042e-15
445	4.002966042e-15
446	4.002966042e-15
447	4.002966042e-15
448	4.002966042e-15
449	4.002966042e-15
450	4.002966042e-15
451	4.002966042e-15
452	4.002966042e-15
453	4.002966042e-15
454	4.002966042e-15
455	4.002966042e-15
456	4.002966042e-15
457	4.002966042e-15
458	4.002966042e-15
459	4.002966042e-15
460	4.002966042e-15
461	4.002966042e-15
462	4.002966042e-15
463	4.002966042e-15
464	4.002966042e-15
465	4.002966042e-15
466	4.002966042e-15
467	4.002966042e-15
468	4.002966042e-15
469	4.002966042e-15
470	4.002966042e-15
471	4.002966042e-15
472	4.002966042e-15
473	4.002966042e-15
474	4.002966042e-15
475	4.002966042e-15
476	4.002966042e-15
477	4.002966042e-15
478	4.002966042e-15
479	4.002966042e-15
480	4.002966042e-15
481	4.002966042e-15
482	4.002966042e-15
483	4.002966042e-15
484	4.002966042e-15
485	4.002966042e-15
486	4.002966042e-15
487	4.002966042e-15
488	4.002966042e-15
489	4.002966042e-15
490	4.002966042e-15
491	4.002966042e-15
492	4.002966042e-15
493	4.002966042e-15
494	4.002966042e-15
495	4.002966042e-15
496	4.002966042e-15
497	4.002966042e-15
498	4.002966042e-15
499	4.002966042e-15
500	4.002966042e-15
501	4.002966042e-15
502	4.002966042e-15
503	4.002966042e-15
504	4.002966042e-15
505	4.002966042e-15
506	4.002966042e-15
507	4.002966042e-15
508	4.002966042e-15
509	4.002966042e-15
510	4.002966042e-15
511	4.002966042e-15
512	4.002966042e-15
513	4.002966042e-15
514	4.002966042e-15
515	4.002966042e-15
516	4.002966042e-15
517	4.002966042e-15
518	4.002966042e-15
519	4.002966042e-15
520	4.002966042e-15
521	4.002966042e-15
522	4.002966042e-15
523	4.002966042e-15
524	4.002966042e-15
525	4.002966042e-15
526	4.002966042e-15
527	4.002966042e-15
528	4.002966042e-15
529	4.002966042e-15
530	4.002966042e-15
531	4.002966042e-15
532	4.002966042e-15
533	4.002966042e-15
534	4.002966042e-15
535	4.002966042e-15
536	4.002966042e-15
537	4.002966042e-15
538	4.002966042e-15
539	4.002966042e-15
540	4.002966042e-15
541	4.002966042e-15
542	4.002966042e-15
543	4.002966042e-15
544	4.002966042e-15
545	4.002966042e-15
546	4.002966042e-15
547	4.002966042e-15
548	4.002966042e-15
549	4.002966042e-15
550	4.002966042e-15
551	4.002966042e-15
552	4.002966042e-15
553	4.002966042e-15
554	4.002966042e-15
555	4.002966042e-15
556	4.002966042e-15
557	4.002966042e-15
558	4.002966042e-15
559	4.002966042e-15
560	4.002966042e-15
561	4.002966042e-15
562	4.002966042e-15
563	4.002966042e-15
564	4.002966042e-15
565	4.002966042e-15
566	4.002966042e-15
567	4.002966042e-15
568	4.002966042e-15
569	4.002966042e-15
570	4.002966042e-15
571	4.002966042e-15
572	4.002966042e-15
573	4.002966042e-15
574	4.002966042e-15
575	4.002966042e-15
576	4.002966042e-15
577	4.002966042e-15
578	4.002966042e-15
579	4.002966042e-15
580	4.002966042e-15
581	4.002966042e-15
582	4.002966042e-15
583	4.002966042e-15
584	4.002966042e-15
585	4.002966042e-15
586	4.002966042e-15
587	4.002966042e-15
588	4.002966042e-15
589	4.002966042e-15
590	4.002966042e-15
591	4.002966042e-15
592	4.002966042e-15
593	4.002966042e-15
594	4.002966042e-15
595	4.002966042e-15
596	4.002966042e-15
597	4.002966042e-15
598	4.002966042e-15
599	4.002966042e-15
600	4.002966042e-15
601	4.002966042e-15
602	4.002966042e-15
603	4.002966042e-15
604	4.002966042e-15
605	4.002966042e-15
606	4.002966042e-15
607	4.002966042e-15
608	4.002966042e-15
609	4.002966042e-15
610	4.002966042e-15
611	4.002966042e-15
612	4.002966042e-15
613	4.002966042e-15
614	4.002966042e-15
615	4.002966042e-15
616	4.002966042e-15
617	4.002966042e-15
618	4.002966042e-15
619	4.002966042e-15
620	4.002966042e-15
621	4.002966042e-15
622	4.002966042e-15
623	4.002966042e-15
624	4.002966042e-15
625	4.002966042e-15
626	4.002966042e-15
627	4.002966042e-15
628	4.002966042e-15
629	4.002966042e-15
630	4.002966042e-15
631	4.002966042e-15
632	4.002966042e-15
633	4.002966042e-15
634	4.002966042e-15
635	4.002966042e-15
636	4.002966042e-15
637	4.002966042e-15
638	4.002966042e-15
639	4.002966042e-15
640	4.002966042e-15
641	4.002966042e-15
642	4.002966042e-15
643	4.002966042e-15
644	4.002966042e-15
645	4.002966042e-15
646	4.002966042e-15
647	4.002966042e-15
648	4.002966042e-15
649	4.002966042e-15
650	4.002966042e-15
651	4.002966042e-15
652	4.002966042e-15
653	4.002966042e-15
654	4.002966042e-15
655	4.002966042e-15
656	4.002966042e-15
657	4.002966042e-15
658	4.002966042e-15
659	4.002966042e-15
660	4.002966042e-15
661	4.002966042e-15
662	4.002966042e-15
663	4.002966042e-15
664	4.002966042e-15
665	4.002966042e-15
666	4.002966042e-15
667	4.002966042e-15
668	4.002966042e-15
669	4.002966042e-15
670	4.002966042e-15
671	4.002966042e-15
672	4.002966042e-15
673	4.002966042e-15
674	4.002966042e-15
675	4.002966042e-15
676	4.002966042e-15
677	4.002966042e-15
678	4.002966042e-15
679	4.002966042e-15
680	4.002966042e-15
681	4.002966042e-15
682	4.002966042e-15
683	4.002966042e-15
684	4.002966042e-15
685	4.002966042e-15
686	4.002966042e-15
687	4.002966042e-15
688	4.002966042e-15
689	4.002966042e-15
690	4.002966042e-15
691	4.002966042e-15
692	4.002966042e-15
693	4.002966042e-15
694	4.002966042e-15
695	4.002966042e-15
696	4.002966042e-15
697	4.002966042e-15
698	4.002966042e-15
699	4.002966042e-15
700	4.002966042e-15
701	4.002966042e-15
702	4.002966042e-15
703	4.002966042e-15
704	4.002966042e-15
705	4.002966042e-15
706	4.002966042e-15
707	4.002966042e-15
708	4.002966042e-15
709	4.002966042e-15
710	4.002966042e-15
711	4.002966042e-15
712	4.002966042e-15
713	4.002966042e-15
714	4.002966042e-15
715	4.002966042e-15
716	4.002966042e-15
717	4.002966042e-15
718	4.002966042e-15
719	4.002966042e-15
720	4.002966042e-15
721	4.002966042e-15
722	4.002966042e-15
723	4.002966042e-15
724	4.002966042e-15
725	4.002966042e-15
726	4.002966042e-15
727	4.002966042e-15
728	4.002966042e-15
729	4.002966042e-15
730	4.002966042e-15
731	4.002966042e-15
732	4.002966042e-15
733	4.002966042e-15
734	4.002966042e-15
735	4.002966042e-15
736	4.002966042e-15
737	4.002966042e-15
738	4.002966042e-15
739	4.002966042e-15
740	4.002966042e-15
741	4.002966042e-15
742	4.002966042e-15
743	4.002966042e-15
744	4.002966042e-15
745	4.002966042e-15
746	4.002966042e-15
747	4.002966042e-15
748	4.002966042e-15
749	4.002966042e-15
750	4.002966042e-15
751	4.002966042e-15
752	4.002966042e-15
753	4.002966042e-15
754	4.002966042e-15
755	4.002966042e-15
756	4.002966042e-15
757	4.002966042e-15
758	4.002966042e-15
759	4.002966042e-15
760	4.002966042e-15
761	4.002966042e-15
762	4.002966042e-15
763	4.002966042e-15
764	4.002966042e-15
765	4.002966042e-15
766	4.002966042e-15
767	4.002966042e-15
768	4.002966042e-15
769	4.002966042e-15
770	4.002966042e-15
771	4.002966042e-15
772	4.002966042e-15
773	4.002966042e-15
774	4.002966042e-15
775	4.002966042e-15
776	4.002966042e-15
777	4.002966042e-15
778	4.002966042e-15
779	4.002966042e-15
780	4.002966042e-15
781	4.002966042e-15
782	4.002966042e-15
783	4.002966042e-15
784	4.002966042e-15
785	4.002966042e-15
786	4.002966042e-15
787	4.002966042e-15
788	4.002966042e-15
789	4.002966042e-15
790	4.002966042e-15
791	4.002966042e-15
792	4.002966042e-15
793	4.002966042e-15
794	4.002966042e-15
795	4.002966042e-15
796	4.002966042e-15
797	4.002966042e-15
798	4.002966042e-15
799	4.002966042e-15
800	4.002966042e-15
801	4.002966042e-15
802	4.002966042e-15
803	4.002966042e-15
804	4.002966042e-15
805	4.002966042e-15
806	4.002966042e-15
807	4.002966042e-15
808	4.002966042e-15
809	4.002966042e-15
810	4.002966042e-15
811	4.002966042e-15
812	4.002966042e-15
813	4.002966042e-15
814	4.002966042e-15
815	4.002966042e-15
816	4.002966042e-15
817	4.002966042e-15
818	4.002966042e-15
819	4.002966042e-15
820	4.002966042e-15
821	4.002966042e-15
822	4.002966042e-15
823	4.002966042e-15
824	4.002966042e-15
825	4.002966042e-15
826	4.002966042e-15
827	4.002966042e-15
828	4.002966042e-15
829	4.002966042e-15
830	4.002966042e-15
831	4.002966042e-15
832	4.002966042e-15
833	4.002966042e-15
834	4.002966042e-15
835	4.002966042e-15
836	4.002966042e-15
837	4.002966042e-15
838	4.002966042e-15
839	4.002966042e-15
840	4.002966042e-15
841	4.002966042e-15
842	4.002966042e-15
843	4.002966042e-15
844	4.002966042e-15
845	4.002966042e-15
846	4.002966042e-15
847	4.002966042e-15
848	4.002966042e-15
849	4.002966042e-15
850	4.002966042e-15
851	4.002966042e-15
852	4.002966042e-15
853	4.002966042e-15
854	4.002966042e-15
855	4.002966042e-15
856	4.002966042e-15
857	4.002966042e-15
858	4.002966042e-15
859	4.002966042e-15
860	4.002966042e-15
861	4.002966042e-15
862	4.002966042e-15
863	4.002966042e-15
864	4.002966042e-15
865	4.002966042e-15
866	4.002966042e-15
867	4.002966042e-15
868	4.002966042e-15
869	4.002966042e-15
870	4.002966042e-15
871	4.002966042e-15
872	4.002966042e-15
873	4.002966042e-15
874	4.002966042e-15
875	4.002966042e-15
876	4.002966042e-15
877	4.002966042e-15
878	4.002966042e-15
879	4.002966042e-15
880	4.002966042e-15
881	4.002966042e-15
882	4.002966042e-15
883	4.002966042e-15
884	4.002966042e-15
885	4.002966042e-15
886	4.002966042e-15
887	4.002966042e-15
888	4.002966042e-15
889	4.002966042e-15
890	4.002966042e-15
891	4.002966042e-15
892	4.002966042e-15
893	4.002966042e-15
894	4.002966042e-15
895	4.002966042e-15
896	4.002966042e-15
897	4.002966042e-15
898	4.002966042e-15
899	4.002966042e-15
900	4.002966042e-15
901	4.002966042e-15
902	4.002966042e-15
903	4.002966042e-15
904	4.002966042e-15
905	4.002966042e-15
906	4.002966042e-15
907	4.002966042e-15
908	4.002966042e-15
909	4.002966042e-15
910	4.002966042e-15
911	4.002966042e-15
912	4.002966042e-15
913	4.002966042e-15
914	4.002966042e-15
915	4.002966042e-15
916	4.002966042e-15
917	4.002966042e-15
918	4.002966042e-15
919	4.002966042e-15
920	4.002966042e-15
921	4.002966042e-15
922	4.002966042e-15
923	4.002966042e-15
924	4.002966042e-15
925	4.002966042e-15
926	4.002966042e-15
927	4.002966042e-15
928	4.002966042e-15
929	4.002966042e-15
930	4.002966042e-15
931	4.002966042e-15
932	4.002966042e-15
933	4.002966042e-15
934	4.002966042e-15
935	4.002966042e-15
936	4.002966042e-15
937	4.002966042e-15
938	4.002966042e-15
939	4.002966042e-15
940	4.002966042e-15
941	4.002966042e-15
942	4.002966042e-15
943	4.002966042e-15
944	4.002966042e-15
945	4.002966042e-15
946	4.002966042e-15
947	4.002966042e-15
948	4.002966042e-15
949	4.002966042e-15
950	4.002966042e-15
951	4.002966042e-15
952	4.002966042e-15
953	4.002966042e-15
954	4.002966042e-15
955	4.002966042e-15
956	4.002966042e-15
957	4.002966042e-15
958	4.002966042e-15
959	4.002966042e-15
960	4.002966042e-15
961	4.002966042e-15
962	4.002966042e-15
963	4.002966042e-15
964	4.002966042e-15
965	4.002966042e-15
966	4.002966042e-15
967	4.002966042e-15
968	4.002966042e-15
969	4.002966042e-15
970	4.002966042e-15
971	4.002966042e-15
972	4.002966042e-15
973	4.002966042e-15
974	4.002966042e-15
975	4.002966042e-15
976	4.002966042e-15
977	4.002966042e-15
978	4.002966042e-15
979	4.002966042e-15
980	4.002966042e-15
981	4.002966042e-15
982	4.002966042e-15
983	4.002966042e-15
984	4.002966042e-15
985	4.002966042e-15
986	4.002966042e-15
987	4.002966042e-15
988	4.002966042e-15
989	4.002966042e-15
990	4.002966042e-15
991	4.002966042e-15
992	4.002966042e-15
993	4.002966042e-15
994	4.002966042e-15
995	4.002966042e-15
996	4.002966042e-15
997	4.002966042e-15
998	4.002966042e-15
999	4.002966042e-15
=======
0	2096.190647
1	2008.204232
2	1929.11903
3	1854.247304
4	1778.549158
5	1705.542648
6	1638.954536
7	1574.111004
8	1515.080842
9	1456.096351
10	1402.240591
11	1351.455038
12	1302.086266
13	1255.557618
14	1212.610243
15	1171.612529
16	1132.830885
17	1100.558694
18	1066.178788
19	1032.94854
20	1001.707023
21	972.6394171
22	945.4217797
23	919.5303266
24	894.7597407
25	872.0220471
26	851.3846077
27	832.1280593
28	814.3438854
29	797.3997558
30	782.1476335
31	767.5329718
32	754.4447383
33	740.805122
34	729.3510912
35	718.8604004
36	707.7477846
37	697.8183844
38	688.6886527
39	680.5262066
40	673.0974202
41	665.3999454
42	659.072018
43	654.4988114
44	648.86962
45	643.1408265
46	638.5822256
47	633.8967074
48	629.6867419
49	625.4983243
50	621.9955692
51	618.2035895
52	615.1052574
53	612.3517614
54	609.7385464
55	606.8807863
56	604.3500215
57	602.0759668
58	599.7838833
59	597.7996593
60	595.8653395
61	594.1496266
62	592.7383114
63	591.3653446
64	590.0468863
65	589.3747732
66	588.1570621
67	586.8238535
68	585.5948028
69	584.4348304
70	583.2597668
71	582.2917129
72	581.4441744
73	580.5970263
74	579.8066452
75	579.0548356
76	578.3456263
77	577.7284202
78	577.3394113
79	576.7971896
80	576.3174751
81	575.9178381
82	575.3472118
83	574.8460088
84	574.3637546
85	574.2352082
86	573.829784
87	573.4835685
88	573.0315727
89	572.6156884
90	572.2688284
91	571.8624812
92	571.6089404
93	571.2579149
94	570.8899441
95	570.7449817
96	570.5118458
97	570.2835658
98	570.0382013
99	569.8195774
100	569.4941141
101	569.134967
102	568.843971
103	568.6323187
104	568.3989912
105	568.1350731
106	567.8944955
107	567.5338962
108	567.2918432
109	567.0613343
110	566.8687463
111	566.6271121
112	566.4411326
113	566.3647424
114	566.1998943
115	566.0509117
116	565.7978128
117	565.5082468
118	565.3141813
119	565.1406266
120	565.0695647
121	564.8464073
122	564.7965515
123	564.6477357
124	564.4052177
125	564.1780218
126	564.0103964
127	564.0103578
128	563.863614
129	563.7252418
130	563.5555562
131	563.3583402
132	563.282932
133	563.151242
134	563.1252296
135	563.0911081
136	562.910595
137	562.6805852
138	562.4415808
139	562.2400866
140	562.2214413
141	562.0150748
142	561.8736546
143	561.7028319
144	561.4275279
145	561.3540822
146	561.1691013
147	560.9823631
148	560.7837898
149	560.716404
150	560.6664477
151	560.6407545
152	560.5128511
153	560.3966615
154	560.3751309
155	560.3642235
156	560.1203419
157	560.1174805
158	559.9464839
159	559.6645248
160	559.6421081
161	559.6071719
162	559.5630568
163	559.5336575
164	559.33159
165	559.2095833
166	559.0928273
167	558.9641692
168	558.8133038
169	558.7134684
170	558.6856377
171	558.5471975
172	558.2441707
173	558.2134908
174	558.0845023
175	558.0790758
176	558.0648765
177	558.0516361
178	558.0260774
179	557.9562277
180	557.9491308
181	557.7312861
182	557.5136455
183	557.367943
184	557.3555211
185	557.2445495
186	556.9884288
187	556.8202268
188	556.7350239
189	556.7145711
190	556.6391637
191	556.4383387
192	556.2605165
193	556.165236
194	555.955379
195	555.8515936
196	555.654392
197	555.4934376
198	555.3482554
199	555.0942435
200	554.9653582
201	554.9479456
202	554.6686648
203	554.4573507
204	554.2625249
205	554.1189679
206	553.9016421
207	553.7775282
208	553.5630277
209	553.3878421
210	553.2990725
211	553.2040505
212	553.1090582
213	552.9267728
214	552.7716952
215	552.6785298
216	552.5172459
217	552.3878505
218	552.2338426
219	552.1403347
220	551.9985303
221	551.8740733
222	551.7712592
223	551.5954082
224	551.3621923
225	551.2680512
226	551.1133109
227	550.9865753
228	550.8974685
229	550.7589983
230	550.6801602
231	550.5245885
232	550.408307
233	550.1582095
234	550.0721423
235	549.9117404
236	549.7464242
237	549.5564339
238	549.414816
239	549.3174206
240	549.1561511
241	549.0555978
242	548.9769018
243	548.903351
244	548.735372
245	548.6025492
246	548.3952122
247	548.2788658
248	548.2131483
249	548.1075397
250	548.0033839
251	547.8105491
252	547.6819161
253	547.578708
254	547.3834275
255	547.2642554
256	547.1490429
257	547.0313892
258	546.9657369
259	546.8728802
260	546.7431307
261	546.6517482
262	546.4843073
263	546.3389117
264	546.2612041
265	546.0988233
266	545.9497798
267	545.7913318
268	545.699907
269	545.5401324
270	545.4797054
271	545.3843602
272	545.231603
273	545.1280347
274	545.0554199
275	544.9854491
276	544.9104033
277	544.7612667
278	544.5581643
279	544.4715012
280	544.3635885
281	544.2449944
282	544.0696961
283	544.0005423
284	543.8746716
285	543.7589565
286	543.6137771
287	543.4355964
288	543.3593329
289	543.2600606
290	543.1620973
291	543.1164462
292	542.9784139
293	542.8792149
294	542.7814024
295	542.7276
296	542.5968489
297	542.5327943
298	542.4660807
299	542.2860334
300	542.0983627
301	541.9409854
302	541.8552468
303	541.7185265
304	541.5872188
305	541.5069741
306	541.4177284
307	541.3188745
308	541.2384261
309	541.1597311
310	541.0400572
311	540.9608338
312	540.9003107
313	540.7600606
314	540.678913
315	540.5960188
316	540.4441232
317	540.2888078
318	540.1938683
319	540.1635374
320	539.9958749
321	539.8970468
322	539.8107348
323	539.6741671
324	539.5982285
325	539.5380139
326	539.4467959
327	539.2713486
328	539.1897968
329	539.0163985
330	538.9219534
331	538.8514655
332	538.7681187
333	538.6677819
334	538.6087873
335	538.5483747
336	538.3327746
337	538.2638723
338	538.1431075
339	537.9758447
340	537.7611694
341	537.6761803
342	537.5782496
343	537.3910615
344	537.317294
345	537.261339
346	537.0981168
347	537.0543046
348	536.98667
349	536.866267
350	536.7861805
351	536.6831475
352	536.6454523
353	536.5859813
354	536.5168009
355	536.4391048
356	536.3151004
357	536.2540142
358	536.2026127
359	536.0548527
360	535.9841383
361	535.9457021
362	535.8863302
363	535.7512515
364	535.6226505
365	535.5805976
366	535.5326705
367	535.3731405
368	535.2337006
369	535.1456961
370	535.0744811
371	534.9027837
372	534.7953952
373	534.7241496
374	534.6902489
375	534.6056896
376	534.5256463
377	534.4701339
378	534.3541238
379	534.2336743
380	534.0720925
381	534.0092719
382	533.9228867
383	533.7868036
384	533.669996
385	533.5961595
386	533.5552582
387	533.5058601
388	533.3973005
389	533.3308858
390	533.2041029
391	533.1337776
392	533.0766431
393	533.0189555
394	532.9223286
395	532.845202
396	532.8015108
397	532.6453856
398	532.5053422
399	532.4096707
400	532.2894234
401	532.214166
402	532.1571097
403	532.0767116
404	531.9488915
405	531.8529025
406	531.7825686
407	531.729819
408	531.664572
409	531.5428161
410	531.3816118
411	531.2788199
412	531.155545
413	531.1231887
414	531.0262973
415	530.9589277
416	530.8231811
417	530.7397711
418	530.7073928
419	530.6562525
420	530.4756497
421	530.433382
422	530.3792218
423	530.2904435
424	530.1173853
425	530.0212561
426	529.9488922
427	529.8385352
428	529.753378
429	529.6193639
430	529.5063118
431	529.3840028
432	529.329318
433	529.2338368
434	529.128956
435	529.0325045
436	528.9712765
437	528.920802
438	528.8498543
439	528.7901815
440	528.7140987
441	528.6595276
442	528.5317235
443	528.3918942
444	528.3059344
445	528.273634
446	528.2239092
447	528.1042963
448	528.0304696
449	527.9005466
450	527.8311791
451	527.7992985
452	527.7150486
453	527.6481272
454	527.5816876
455	527.5364342
456	527.4856143
457	527.4059146
458	527.351873
459	527.2888711
460	527.206483
461	527.1097863
462	527.0112566
463	526.9504476
464	526.922706
465	526.8474397
466	526.7688606
467	526.6586144
468	526.6166976
469	526.5410823
470	526.4420412
471	526.4163144
472	526.2954527
473	526.2269912
474	526.110962
475	525.9749483
476	525.847887
477	525.7581827
478	525.6362744
479	525.5700579
480	525.5140918
481	525.4799854
482	525.4150812
483	525.2888739
484	525.1611301
485	525.0275815
486	524.9625564
487	524.9175336
488	524.8657363
489	524.8117523
490	524.717833
491	524.5898844
492	524.5343866
493	524.4002669
494	524.3212463
495	524.2894673
496	524.2217108
497	524.1579567
498	524.1119726
499	524.0737771
500	524.0106046
501	523.8816273
502	523.8228146
503	523.7272825
504	523.6692964
505	523.6177933
506	523.5628686
507	523.4945474
508	523.4318667
509	523.3796361
510	523.2880209
511	523.2257866
512	523.173919
513	523.0769177
514	523.0384034
515	522.9708248
516	522.8801567
517	522.8147273
518	522.7387932
519	522.6264343
520	522.5664123
521	522.4859441
522	522.3497051
523	522.2780164
524	522.2111355
525	522.1619168
526	522.1205451
527	522.0896093
528	522.0336704
529	521.9737705
530	521.8594642
531	521.8034517
532	521.6669204
533	521.6031103
534	521.5330095
535	521.4787045
536	521.4392273
537	521.3238094
538	521.2783344
539	521.2067986
540	521.1159616
541	521.066593
542	520.9443784
543	520.8633569
544	520.8039769
545	520.726158
546	520.6497905
547	520.5872299
548	520.4781724
549	520.4342769
550	520.2692883
551	520.24613
552	520.1418375
553	520.1001762
554	520.0101622
555	519.923406
556	519.8052013
557	519.7035721
558	519.6656636
559	519.5831089
560	519.4941456
561	519.4552048
562	519.313869
563	519.263585
564	519.2056055
565	519.1407847
566	519.0498888
567	518.9494922
568	518.9016858
569	518.8459687
570	518.7499368
571	518.68969
572	518.6573931
573	518.5992972
574	518.5659331
575	518.5117097
576	518.438351
577	518.3685076
578	518.2517292
579	518.2060972
580	518.093107
581	517.9863106
582	517.9587526
583	517.901926
584	517.8429005
585	517.7379859
586	517.6799407
587	517.5891385
588	517.5029819
589	517.4197828
590	517.377349
591	517.27193
592	517.2230537
593	517.1504088
594	517.050265
595	517.0084763
596	516.9714837
597	516.8589417
598	516.7754743
599	516.7260632
600	516.6564105
601	516.6205833
602	516.5707003
603	516.4325746
604	516.4014456
605	516.3728416
606	516.3158761
607	516.2740501
608	516.2432739
609	516.0894778
610	516.0380761
611	515.919946
612	515.8651385
613	515.7929132
614	515.7319642
615	515.6402715
616	515.5482562
617	515.5216644
618	515.4716709
619	515.4322902
620	515.3885138
621	515.2906568
622	515.2581152
623	515.1408213
624	515.0228113
625	514.9409096
626	514.8841513
627	514.7463823
628	514.6798652
629	514.5804458
630	514.5184176
631	514.4819131
632	514.4364778
633	514.3570059
634	514.3132201
635	514.2048036
636	514.1164453
637	514.0748839
638	514.0166886
639	513.9773381
640	513.9385426
641	513.8845672
642	513.8199053
643	513.7197545
644	513.6621292
645	513.5652621
646	513.4415949
647	513.3566961
648	513.2671136
649	513.2257781
650	513.1248237
651	513.0893667
652	512.9592183
653	512.895017
654	512.8362808
655	512.7987206
656	512.7417209
657	512.6837558
658	512.6427164
659	512.5515354
660	512.5120696
661	512.4649814
662	512.4270978
663	512.3435608
664	512.3015847
665	512.2770305
666	512.2284597
667	512.139925
668	512.0487543
669	512.0162575
670	511.9905432
671	511.9611893
672	511.9113888
673	511.8661831
674	511.6933402
675	511.633674
676	511.4944917
677	511.4407738
678	511.3947181
679	511.3499157
680	511.2601181
681	511.2155073
682	511.1681058
683	511.128795
684	511.0088117
685	510.9444457
686	510.837477
687	510.8087276
688	510.777133
689	510.7277836
690	510.6166907
691	510.5228997
692	510.4648589
693	510.4067138
694	510.3204272
695	510.2834177
696	510.2098657
697	510.1549362
698	510.0716417
699	509.9818582
700	509.932414
701	509.8104887
702	509.71211
703	509.6618487
704	509.6400556
705	509.6056111
706	509.5682751
707	509.5379916
708	509.4400266
709	509.3788899
710	509.2792092
711	509.221248
712	509.1148152
713	509.0511647
714	509.0076711
715	508.9078456
716	508.8529566
717	508.7564941
718	508.689526
719	508.6322755
720	508.562566
721	508.4695341
722	508.4336256
723	508.3891971
724	508.3041432
725	508.2578842
726	508.1859379
727	508.1422735
728	508.0570313
729	507.9663374
730	507.931706
731	507.8940844
732	507.8370322
733	507.8032578
734	507.7754043
735	507.7487322
736	507.6955586
737	507.6451585
738	507.6082101
739	507.4755222
740	507.4033186
741	507.3804074
742	507.3521747
743	507.3194549
744	507.2890302
745	507.2354723
746	507.1716404
747	507.1100356
748	507.0291147
749	506.9924977
750	506.9559695
751	506.9289867
752	506.8733715
753	506.8386246
754	506.7822811
755	506.6668025
756	506.6328715
757	506.5909184
758	506.4954061
759	506.3814683
760	506.3128601
761	506.2407746
762	506.1354234
763	506.1000669
764	506.0783576
765	505.9727054
766	505.9060608
767	505.8617272
768	505.7743644
769	505.7534581
770	505.7110263
771	505.6785599
772	505.5977642
773	505.5511964
774	505.448973
775	505.4129301
776	505.3712372
777	505.3357242
778	505.3133765
779	505.2433101
780	505.1175826
781	505.0826786
782	505.0541807
783	504.9702619
784	504.9546324
785	504.9204307
786	504.8576421
787	504.805287
788	504.7546543
789	504.7344713
790	504.6982407
791	504.6013179
792	504.5325374
793	504.4367004
794	504.3977274
795	504.3148991
796	504.2405959
797	504.198765
798	504.1511131
799	504.0823816
800	504.0040138
801	503.9833922
802	503.9424311
803	503.8622361
804	503.7946812
805	503.7170693
806	503.6818917
807	503.6103158
808	503.5362689
809	503.399192
810	503.3777364
811	503.3184398
812	503.287508
813	503.2619133
814	503.1863286
815	503.0943001
816	503.0578716
817	502.9899566
818	502.9130106
819	502.8894322
820	502.864962
821	502.8048764
822	502.721523
823	502.6939629
824	502.6420698
825	502.5598904
826	502.52763
827	502.5057546
828	502.481088
829	502.4357981
830	502.3257545
831	502.2421411
832	502.2091255
833	502.1625269
834	502.1325507
835	502.1152432
836	502.0356907
837	501.9998325
838	501.9435755
839	501.8996862
840	501.8799604
841	501.8527799
842	501.8232716
843	501.75063
844	501.7085627
845	501.6566505
846	501.6003122
847	501.5437984
848	501.5044273
849	501.4401095
850	501.3942832
851	501.339037
852	501.2438308
853	501.2122987
854	501.1633793
855	501.1248185
856	501.1035341
857	501.0449797
858	501.0275715
859	500.9539181
860	500.8577219
861	500.783445
862	500.7072674
863	500.6084453
864	500.5058137
865	500.4414631
866	500.3948074
867	500.3678943
868	500.3219576
869	500.2256136
870	500.1486511
871	500.1007559
872	500.0653262
873	500.0084044
874	499.9262487
875	499.8768543
876	499.8365289
877	499.8015239
878	499.7417937
879	499.7181008
880	499.6148048
881	499.5661474
882	499.4677504
883	499.4259916
884	499.3471732
885	499.2823265
886	499.2228886
887	499.1920539
888	499.1227874
889	499.0755807
890	499.0293848
891	498.9617646
892	498.9211591
893	498.7819038
894	498.7443148
895	498.6703102
896	498.6278514
897	498.5493493
898	498.5061135
899	498.4330011
900	498.4014673
901	498.3833232
902	498.2777372
903	498.2557164
904	498.2238241
905	498.1989573
906	498.1286943
907	498.0897903
908	498.0424068
909	497.968092
910	497.8761303
911	497.8469805
912	497.8234396
913	497.7829331
914	497.7660015
915	497.6826686
916	497.6610832
917	497.5878691
918	497.5701202
919	497.5142495
920	497.4210117
921	497.3949068
922	497.3711259
923	497.3329402
924	497.2736472
925	497.242255
926	497.2035418
927	497.1174592
928	497.009421
929	496.9636188
930	496.9236768
931	496.8925713
932	496.8335543
933	496.7994195
934	496.7248647
935	496.6667318
936	496.6494424
937	496.5954475
938	496.5597921
939	496.538816
940	496.4952827
941	496.4375861
942	496.3855371
943	496.3461062
944	496.2956385
945	496.2310204
946	496.2130784
947	496.1667777
948	496.1522287
949	496.1024675
950	496.0638985
951	496.0132605
952	495.9789613
953	495.8943583
954	495.8537181
955	495.7854138
956	495.699643
957	495.6006785
958	495.5829703
959	495.5591054
960	495.4969735
961	495.4371604
962	495.417589
963	495.3276696
964	495.2673527
965	495.1967064
966	495.09771
967	495.0428972
968	494.9973336
969	494.9499854
970	494.9148896
971	494.8315931
972	494.7637485
973	494.7214303
974	494.6229253
975	494.5773254
976	494.5577261
977	494.4869416
978	494.40565
979	494.3661731
980	494.3006472
981	494.2581225
982	494.2396905
983	494.136787
984	494.1118322
985	494.0288078
986	493.9805175
987	493.9421605
988	493.8907903
989	493.8772418
990	493.8006084
991	493.7683492
992	493.7219641
993	493.6536111
994	493.5788929
995	493.551216
996	493.5352411
997	493.4906618
998	493.4318739
999	493.3735024
1000	493.31012
1001	493.2508018
1002	493.1952782
1003	493.1399646
1004	493.1133576
1005	493.0616715
1006	492.9888268
1007	492.9544658
1008	492.9358571
1009	492.8597577
1010	492.7740947
1011	492.7371252
1012	492.698382
1013	492.6344839
1014	492.5664814
1015	492.5139627
1016	492.4395298
1017	492.3819124
1018	492.3585954
1019	492.279885
1020	492.2579327
1021	492.2412474
1022	492.2206701
1023	492.1911922
1024	492.1649407
1025	492.1421253
1026	492.0963727
1027	492.0741822
1028	492.0387563
1029	491.976427
1030	491.9409711
1031	491.8343016
1032	491.7958721
1033	491.7662523
1034	491.7352836
1035	491.6788515
1036	491.6588909
1037	491.6089336
1038	491.5874911
1039	491.5404966
1040	491.4875134
1041	491.3754847
1042	491.3236727
1043	491.2992014
1044	491.2786865
1045	491.2463727
1046	491.2023783
1047	491.1818444
1048	491.1670933
1049	491.119995
1050	491.0314186
1051	490.9684316
1052	490.9414654
1053	490.8626145
1054	490.8015188
1055	490.735415
1056	490.7199391
1057	490.655059
1058	490.5831448
1059	490.4879556
1060	490.4469762
1061	490.3601476
1062	490.3192036
1063	490.3019705
1064	490.2548022
1065	490.24054
1066	490.1435863
1067	490.1205881
1068	490.0750394
1069	489.9891273
1070	489.9447355
1071	489.9272864
1072	489.8576591
1073	489.8447991
1074	489.792922
1075	489.7690759
1076	489.7273869
1077	489.6291398
1078	489.6039528
1079	489.5539345
1080	489.506846
1081	489.439549
1082	489.3872274
1083	489.2811411
1084	489.268745
1085	489.2553366
1086	489.2389689
1087	489.201178
1088	489.185411
1089	489.1288042
1090	489.1099659
1091	489.0362846
1092	489.0136549
1093	488.9833308
1094	488.9382841
1095	488.8637814
1096	488.8049746
1097	488.7745436
1098	488.7437925
1099	488.698076
1100	488.6313963
1101	488.5670141
1102	488.5447688
1103	488.4759786
1104	488.4134575
1105	488.373868
1106	488.34155
1107	488.3004756
1108	488.2607124
1109	488.2114731
1110	488.1743525
1111	488.0819973
1112	488.0568272
1113	488.0306793
1114	488.0021474
1115	487.9819374
1116	487.8810751
1117	487.7867547
1118	487.725271
1119	487.713544
1120	487.6737825
1121	487.6267827
1122	487.5876241
1123	487.5257292
1124	487.4800386
1125	487.4454362
1126	487.4008672
1127	487.298665
1128	487.2765538
1129	487.2245923
1130	487.1945194
1131	487.156123
1132	487.0930876
1133	487.054007
1134	487.011687
1135	486.9658233
1136	486.942126
1137	486.8920395
1138	486.8777109
1139	486.8377527
1140	486.7854042
1141	486.7272934
1142	486.705139
1143	486.6501989
1144	486.6167381
1145	486.5428717
1146	486.526047
1147	486.4879695
1148	486.4549799
1149	486.389376
1150	486.3436748
1151	486.3222004
1152	486.2385662
1153	486.2146174
1154	486.1801411
1155	486.1664094
1156	486.1216171
1157	486.0774385
1158	486.0428129
1159	485.9812347
1160	485.9376235
1161	485.9116149
1162	485.8922371
1163	485.8135236
1164	485.7779901
1165	485.7197332
1166	485.7054349
1167	485.6529426
1168	485.5871278
1169	485.5313202
1170	485.4573619
1171	485.4314025
1172	485.3864337
1173	485.372511
1174	485.3293316
1175	485.2760733
1176	485.2046569
1177	485.1343831
1178	485.1116008
1179	485.0759108
1180	485.0450881
1181	485.0155251
1182	484.9782684
1183	484.9566873
1184	484.9060262
1185	484.8799189
1186	484.8164309
1187	484.7653226
1188	484.751606
1189	484.6811576
1190	484.6128139
1191	484.5533991
1192	484.5255542
1193	484.4982468
1194	484.4673418
1195	484.4154226
1196	484.390974
1197	484.3734975
1198	484.3564531
1199	484.3062791
1200	484.227018
1201	484.2027485
1202	484.1727404
1203	484.1345314
1204	484.1042128
1205	484.0498626
1206	484.016073
1207	483.9598523
1208	483.9367869
1209	483.8734433
1210	483.8348351
1211	483.8200275
1212	483.7783163
1213	483.7305423
1214	483.718934
1215	483.6559327
1216	483.6254242
1217	483.5542512
1218	483.5009901
1219	483.4262287
1220	483.3751854
1221	483.2939301
1222	483.276394
1223	483.2437986
1224	483.2114918
1225	483.1606445
1226	483.1353016
1227	483.1199596
1228	483.0813923
1229	483.003216
1230	482.9742209
1231	482.9438344
1232	482.9227942
1233	482.8736551
1234	482.8056431
1235	482.7493975
1236	482.726537
1237	482.6996419
1238	482.6733161
1239	482.6195394
1240	482.5818886
1241	482.5465589
1242	482.499523
1243	482.4560417
1244	482.4353449
1245	482.3974753
1246	482.3421957
1247	482.2718092
1248	482.2547319
1249	482.239281
1250	482.2184312
1251	482.2003371
1252	482.1739725
1253	482.1329602
1254	482.0821171
1255	482.0696703
1256	482.0005647
1257	481.9581337
1258	481.9291297
1259	481.8774222
1260	481.843765
1261	481.7933424
1262	481.7327887
1263	481.7227727
1264	481.6713596
1265	481.6460441
1266	481.595373
1267	481.5005559
1268	481.4865173
1269	481.4228297
1270	481.3982944
1271	481.3549708
1272	481.3189736
1273	481.2277097
1274	481.2118192
1275	481.1657916
1276	481.134108
1277	481.0983438
1278	481.0319428
1279	480.9769061
1280	480.9375166
1281	480.9023053
1282	480.8791911
1283	480.8582757
1284	480.838842
1285	480.8098718
1286	480.7924568
1287	480.7461679
1288	480.7193437
1289	480.7014965
1290	480.6583489
1291	480.6285511
1292	480.5785306
1293	480.529157
1294	480.5018704
1295	480.4887664
1296	480.4636035
1297	480.4257386
1298	480.3949918
1299	480.362861
1300	480.3016488
1301	480.2861665
1302	480.2748622
1303	480.2106751
1304	480.171208
1305	480.1202849
1306	480.1060375
1307	480.0577251
1308	480.0072181
1309	479.9576423
1310	479.9022216
1311	479.8633274
1312	479.8359075
1313	479.7921797
1314	479.7413457
1315	479.7146231
1316	479.6601818
1317	479.6193875
1318	479.5368264
1319	479.4850208
1320	479.4598105
1321	479.4370199
1322	479.3999041
1323	479.3777623
1324	479.3434391
1325	479.2820522
1326	479.2526382
1327	479.2111621
1328	479.1112432
1329	479.0685029
1330	479.0380577
1331	478.9740471
1332	478.9401988
1333	478.8897424
1334	478.8153763
1335	478.7979272
1336	478.7800185
1337	478.7188995
1338	478.6925318
1339	478.6103141
1340	478.5677387
1341	478.5146877
1342	478.4466158
1343	478.4203487
1344	478.3791254
1345	478.3338086
1346	478.3193446
1347	478.3065295
1348	478.2411417
1349	478.2088297
1350	478.1978141
1351	478.150295
1352	478.1129108
1353	478.0387134
1354	477.9782651
1355	477.9496041
1356	477.9170243
1357	477.8867253
1358	477.866586
1359	477.8476199
1360	477.8105479
1361	477.7888004
1362	477.7566817
1363	477.7293529
1364	477.7205897
1365	477.6965873
1366	477.6494772
1367	477.5949318
1368	477.5581374
1369	477.4792055
1370	477.4223881
1371	477.4053208
1372	477.3841491
1373	477.3227435
1374	477.3061476
1375	477.2668178
1376	477.2247074
1377	477.214491
1378	477.1784281
1379	477.1277394
1380	477.1081776
1381	477.0590887
1382	477.0034713
1383	476.9622482
1384	476.9283427
1385	476.9056782
1386	476.8630398
1387	476.8166774
1388	476.7979796
1389	476.7603356
1390	476.7441748
1391	476.6932061
1392	476.668148
1393	476.6534067
1394	476.6080714
1395	476.5605489
1396	476.496801
1397	476.4691133
1398	476.4517586
1399	476.420524
1400	476.3792212
1401	476.3499681
1402	476.3073153
1403	476.2616128
1404	476.2338363
1405	476.2168604
1406	476.1800612
1407	476.1017164
1408	476.0388156
1409	476.0076048
1410	475.979336
1411	475.9453295
1412	475.9371902
1413	475.9190563
1414	475.8340131
1415	475.7753739
1416	475.7296793
1417	475.6922688
1418	475.6785593
1419	475.6671796
1420	475.6366946
1421	475.6273215
1422	475.6064334
1423	475.5701953
1424	475.5517279
1425	475.5345157
1426	475.5067918
1427	475.4454618
1428	475.3896893
1429	475.3491136
1430	475.3041355
1431	475.2659255
1432	475.2237524
1433	475.1787916
1434	475.1521108
1435	475.1330699
1436	475.1055657
1437	475.0687868
1438	475.0374306
1439	475.0027016
1440	474.977286
1441	474.9568888
1442	474.901794
1443	474.8845413
1444	474.8773687
1445	474.8151153
1446	474.7769564
1447	474.7150844
1448	474.6945228
1449	474.6705227
1450	474.6205318
1451	474.6060344
1452	474.5885883
1453	474.5765423
1454	474.5409214
1455	474.4649299
1456	474.4169007
1457	474.3615328
1458	474.3105695
1459	474.2984508
1460	474.2488799
1461	474.180104
1462	474.124031
1463	474.0782304
1464	474.0334089
1465	474.0036981
1466	473.9939286
1467	473.9827344
1468	473.9044099
1469	473.8717085
1470	473.8150304
1471	473.793917
1472	473.7528347
1473	473.7057969
1474	473.6712927
1475	473.658225
1476	473.6207796
1477	473.5919831
1478	473.5540691
1479	473.5176173
1480	473.4694874
1481	473.4386399
1482	473.3991141
1483	473.3864801
1484	473.3568473
1485	473.3328927
1486	473.246177
1487	473.2146946
1488	473.169521
1489	473.1510702
1490	473.1048346
1491	473.0879552
1492	473.0317092
1493	472.9557042
1494	472.9255366
1495	472.862759
1496	472.837787
1497	472.7981574
1498	472.749631
1499	472.7288425
1500	472.7086232
1501	472.6920415
1502	472.6576509
1503	472.6217836
1504	472.5807328
1505	472.4995267
1506	472.4635521
1507	472.3758563
1508	472.3472034
1509	472.3257804
1510	472.2742513
1511	472.2197798
1512	472.1695351
1513	472.1362863
1514	472.1167798
1515	472.0509224
1516	472.0148515
1517	471.9694481
1518	471.9148908
1519	471.8625728
1520	471.8281705
1521	471.7957087
1522	471.7654031
1523	471.7045895
1524	471.6954467
1525	471.6692049
1526	471.6460112
1527	471.5614077
1528	471.546806
1529	471.5091256
1530	471.4702849
1531	471.4122884
1532	471.3962174
1533	471.3616575
1534	471.3127411
1535	471.2836001
1536	471.2092072
1537	471.191612
1538	471.1048273
1539	471.0465237
1540	471.0174482
1541	470.9771334
1542	470.9267329
1543	470.8843265
1544	470.8738202
1545	470.855442
1546	470.8159186
1547	470.799296
1548	470.7256359
1549	470.6954271
1550	470.6291618
1551	470.5908431
1552	470.4935821
1553	470.4416607
1554	470.4067726
1555	470.399253
1556	470.3702068
1557	470.3562217
1558	470.2895526
1559	470.2786731
1560	470.2288959
1561	470.2152821
1562	470.1908311
1563	470.1606244
1564	470.1100007
1565	470.0667712
1566	470.004995
1567	469.9621938
1568	469.9323356
1569	469.9172538
1570	469.8886653
1571	469.85067
1572	469.8232351
1573	469.8093573
1574	469.7787903
1575	469.7657672
1576	469.7373617
1577	469.6784815
1578	469.6607695
1579	469.6283102
1580	469.5532866
1581	469.4743379
1582	469.405711
1583	469.3681662
1584	469.3553318
1585	469.3193066
1586	469.2655312
1587	469.2102584
1588	469.1942975
1589	469.1673313
1590	469.1242227
1591	469.081766
1592	469.0680816
1593	469.0360275
1594	468.9827387
1595	468.9501756
1596	468.9410135
1597	468.9034519
1598	468.8840265
1599	468.8492747
1600	468.791733
1601	468.7244886
1602	468.7078763
1603	468.6969996
1604	468.6413677
1605	468.5962994
1606	468.5535342
1607	468.5224211
1608	468.4770347
1609	468.4591284
1610	468.4214878
1611	468.4089417
1612	468.3894496
1613	468.3531394
1614	468.2841121
1615	468.2549984
1616	468.2288116
1617	468.1934087
1618	468.1660278
1619	468.1351022
1620	468.090681
1621	468.0541744
1622	468.0157539
1623	467.9867981
1624	467.937958
1625	467.908863
1626	467.8805893
1627	467.8418849
1628	467.7971835
1629	467.7850274
1630	467.7662897
1631	467.741475
1632	467.7309438
1633	467.6984111
1634	467.6233129
1635	467.6154385
1636	467.5922914
1637	467.5466456
1638	467.5358407
1639	467.5024958
1640	467.447557
1641	467.4151506
1642	467.3994053
1643	467.3726838
1644	467.3586141
1645	467.3215082
1646	467.3045758
1647	467.2825607
1648	467.2347568
1649	467.2121805
1650	467.1875461
1651	467.1614265
1652	467.1241798
1653	467.1039949
1654	467.0901725
1655	466.9997727
1656	466.962549
1657	466.928551
1658	466.901516
1659	466.8451685
1660	466.8064644
1661	466.7952442
1662	466.7684797
1663	466.7136418
1664	466.6687705
1665	466.6577447
1666	466.623905
1667	466.5956173
1668	466.5852329
1669	466.5793158
1670	466.5526065
1671	466.5301061
1672	466.4803784
1673	466.4142307
1674	466.402688
1675	466.3864434
1676	466.3266671
1677	466.3127595
1678	466.2850399
1679	466.2038759
1680	466.1669638
1681	466.1494895
1682	466.1231263
1683	466.0977039
1684	466.0123834
1685	465.9758136
1686	465.9174148
1687	465.8787795
1688	465.8711556
1689	465.8218956
1690	465.7985265
1691	465.7795849
1692	465.7634953
1693	465.7523323
1694	465.7000168
1695	465.6660635
1696	465.6088631
1697	465.5545252
1698	465.5357965
1699	465.5162546
1700	465.5052453
1701	465.4868489
1702	465.4491284
1703	465.4335634
1704	465.3921677
1705	465.3504042
1706	465.3159129
1707	465.2776343
1708	465.25412
1709	465.2311331
1710	465.2042509
1711	465.1850902
1712	465.16441
1713	465.1146726
1714	465.0866295
1715	465.0744179
1716	465.0552433
1717	465.01699
1718	464.950566
1719	464.9102214
1720	464.8882431
1721	464.8367985
1722	464.8203339
1723	464.7985138
1724	464.7856386
1725	464.7581985
1726	464.7173064
1727	464.683856
1728	464.6268291
1729	464.5837991
1730	464.5400258
1731	464.4895464
1732	464.47742
1733	464.4428612
1734	464.4258671
1735	464.4044969
1736	464.3774263
1737	464.3593975
1738	464.3384907
1739	464.3231742
1740	464.2335148
1741	464.2177652
1742	464.1619656
1743	464.1088087
1744	464.0399961
1745	464.0139503
1746	463.9974424
1747	463.9382678
1748	463.9249771
1749	463.9160481
1750	463.8822252
1751	463.8676937
1752	463.8233472
1753	463.7887284
1754	463.7398533
1755	463.7116181
1756	463.6769264
1757	463.6284688
1758	463.6102716
1759	463.5879831
1760	463.5473098
1761	463.5180295
1762	463.4657859
1763	463.448296
1764	463.4005736
1765	463.3807463
1766	463.3282662
1767	463.2820868
1768	463.2668457
1769	463.2298436
1770	463.2069467
1771	463.165076
1772	463.1232405
1773	463.0787809
1774	463.0442877
1775	463.0238123
1776	463.0122355
1777	462.9924276
1778	462.9821732
1779	462.9184477
1780	462.8943422
1781	462.8810925
1782	462.8397224
1783	462.8038426
1784	462.7936127
1785	462.7772541
1786	462.7296154
1787	462.7172464
1788	462.700804
1789	462.6802976
1790	462.6129938
1791	462.5662179
1792	462.4933505
1793	462.4514412
1794	462.4121892
1795	462.402708
1796	462.3590386
1797	462.3207795
1798	462.3006267
1799	462.2842104
1800	462.254433
1801	462.2314053
1802	462.2255591
1803	462.2009558
1804	462.1382665
1805	462.1106125
1806	462.0936889
1807	462.0742257
1808	462.0371216
1809	462.0119344
1810	461.9486074
1811	461.9198087
1812	461.8849022
1813	461.844563
1814	461.8192729
1815	461.7893536
1816	461.7396384
1817	461.7103077
1818	461.6677305
1819	461.6336704
1820	461.6042382
1821	461.5502312
1822	461.5154298
1823	461.4883592
1824	461.4661846
1825	461.4520036
1826	461.4329327
1827	461.4177883
1828	461.3951746
1829	461.3691125
1830	461.3270664
1831	461.3186002
1832	461.3109152
1833	461.2780553
1834	461.2338986
1835	461.1791985
1836	461.1629813
1837	461.1397906
1838	461.1316685
1839	461.1110367
1840	461.0703221
1841	460.9903721
1842	460.9572156
1843	460.9019001
1844	460.8456192
1845	460.8155637
1846	460.7842544
1847	460.76794
1848	460.7291438
1849	460.6978503
1850	460.685854
1851	460.6659419
1852	460.6360152
1853	460.5652137
1854	460.5298135
1855	460.5180341
1856	460.4606306
1857	460.4163798
1858	460.3623849
1859	460.344654
1860	460.2942624
1861	460.2848938
1862	460.2345905
1863	460.2050682
1864	460.1654488
1865	460.0978152
1866	460.0176804
1867	459.9561582
1868	459.9234719
1869	459.9090653
1870	459.8871477
1871	459.8430544
1872	459.8276001
1873	459.7802587
1874	459.7087374
1875	459.6894421
1876	459.6501516
1877	459.6200849
1878	459.5873988
1879	459.5534852
1880	459.4933684
1881	459.4779021
1882	459.4536489
1883	459.4048173
1884	459.3953062
1885	459.3818322
1886	459.3540096
1887	459.3018752
1888	459.2872796
1889	459.2629684
1890	459.2457658
1891	459.2247315
1892	459.1836684
1893	459.1561192
1894	459.1251167
1895	459.0933353
1896	459.0685036
1897	459.0502433
1898	458.9998235
1899	458.9697848
1900	458.9380819
1901	458.9195911
1902	458.9056891
1903	458.8589339
1904	458.8216332
1905	458.8098993
1906	458.7751893
1907	458.7213635
1908	458.7080603
1909	458.6889786
1910	458.6587972
1911	458.6430647
1912	458.6239833
1913	458.5846332
1914	458.5377405
1915	458.4996927
1916	458.4796747
1917	458.4687031
1918	458.41116
1919	458.3691632
1920	458.3411423
1921	458.2626013
1922	458.2168502
1923	458.2033659
1924	458.1509728
1925	458.1351982
1926	458.1118821
1927	458.0785915
1928	457.9872414
1929	457.9682913
1930	457.9491981
1931	457.9325485
1932	457.9258233
1933	457.8879918
1934	457.8572945
1935	457.844645
1936	457.8222836
1937	457.8038008
1938	457.7708436
1939	457.7368739
1940	457.705801
1941	457.6807554
1942	457.6467531
1943	457.6238884
1944	457.5929336
1945	457.5752905
1946	457.5487023
1947	457.5346035
1948	457.5267511
1949	457.5108052
1950	457.4677287
1951	457.4514268
1952	457.3933174
1953	457.3691202
1954	457.3326913
1955	457.314158
1956	457.2966827
1957	457.2576011
1958	457.2497926
1959	457.2365594
1960	457.2128813
1961	457.1788495
1962	457.165645
1963	457.1348284
1964	457.1271711
1965	457.1138854
1966	457.1082752
1967	457.0986005
1968	457.0627082
1969	457.0418365
1970	457.0247541
1971	457.0027946
1972	456.9970156
1973	456.956803
1974	456.9007962
1975	456.8697664
1976	456.834601
1977	456.8130381
1978	456.7665523
1979	456.6874211
1980	456.6714528
1981	456.630974
1982	456.5977694
1983	456.5754796
1984	456.5557675
1985	456.5229208
1986	456.5017296
1987	456.4490384
1988	456.4207758
1989	456.3892934
1990	456.3547703
1991	456.3181016
1992	456.2948515
1993	456.24129
1994	456.2071806
1995	456.1929234
1996	456.1508659
1997	456.0941488
1998	456.0596744
1999	456.0103128
2000	455.9842727
2001	455.9676835
2002	455.9185867
2003	455.8951309
2004	455.8689957
2005	455.8264422
2006	455.7961305
2007	455.7676015
2008	455.7559665
2009	455.732284
2010	455.7050927
2011	455.6574093
2012	455.6355099
2013	455.563067
2014	455.5562054
2015	455.5445743
2016	455.5345047
2017	455.5017102
2018	455.4915173
2019	455.4531303
2020	455.4005227
2021	455.3809817
2022	455.3405955
2023	455.2972994
2024	455.266317
2025	455.208241
2026	455.1691092
2027	455.1465831
2028	455.1097255
2029	455.0458264
2030	455.0207914
2031	454.9720373
2032	454.9403881
2033	454.9197694
2034	454.8794464
2035	454.8593255
2036	454.8340097
2037	454.7922831
2038	454.7430049
2039	454.6779249
2040	454.6332633
2041	454.5951407
2042	454.5479696
2043	454.5343651
2044	454.5138198
2045	454.5031099
2046	454.4568347
2047	454.4389813
2048	454.4167277
2049	454.3669466
2050	454.3327268
2051	454.3082219
2052	454.2772628
2053	454.2594851
2054	454.2452742
2055	454.1869247
2056	454.1640694
2057	454.1362217
2058	454.1010769
2059	454.0951154
2060	454.0823639
2061	454.0597387
2062	454.027488
2063	454.0189484
2064	453.9889446
2065	453.9677879
2066	453.946887
2067	453.8829572
2068	453.8701337
2069	453.8357553
2070	453.815712
2071	453.7886256
2072	453.7821267
2073	453.7351538
2074	453.6591639
2075	453.6247896
2076	453.6094198
2077	453.5930221
2078	453.5764935
2079	453.5714956
2080	453.5188143
2081	453.4989524
2082	453.457087
2083	453.4434399
2084	453.4125973
2085	453.3845493
2086	453.3327471
2087	453.2971424
2088	453.2662164
2089	453.2175325
2090	453.1927145
2091	453.1686881
2092	453.1408896
2093	453.1257437
2094	453.0993832
2095	453.0572971
2096	453.0124768
2097	453.0007971
2098	452.9924851
2099	452.9402558
2100	452.9006589
2101	452.848462
2102	452.797973
2103	452.7380867
2104	452.7102289
2105	452.6847305
2106	452.6708801
2107	452.6604148
2108	452.593895
2109	452.5695191
2110	452.5292231
2111	452.5167985
2112	452.5065072
2113	452.5011909
2114	452.4771898
2115	452.4474104
2116	452.4215556
2117	452.4017462
2118	452.3923531
2119	452.3629342
2120	452.3082192
2121	452.2598084
2122	452.223834
2123	452.2025539
2124	452.1809901
2125	452.1713341
2126	452.1590651
2127	452.1250862
2128	452.1107197
2129	452.0903438
2130	452.0489669
2131	452.0026908
2132	451.9750283
2133	451.9303078
2134	451.9272441
2135	451.8912785
2136	451.843042
2137	451.8158521
2138	451.7859332
2139	451.7515352
2140	451.7146759
2141	451.6628239
2142	451.6268683
2143	451.6046503
2144	451.5908438
2145	451.5711386
2146	451.5502412
2147	451.5248818
2148	451.4852111
2149	451.4407728
2150	451.4181187
2151	451.3925017
2152	451.3627238
2153	451.3313503
2154	451.3232492
2155	451.3136736
2156	451.287266
2157	451.2431086
2158	451.2294414
2159	451.2184517
2160	451.2107729
2161	451.1704912
2162	451.1362449
2163	451.069993
2164	451.0505064
2165	451.0289941
2166	450.9962751
2167	450.9472457
2168	450.9239195
2169	450.908927
2170	450.8802348
2171	450.8293321
2172	450.8109949
2173	450.7936613
2174	450.7732647
2175	450.7512291
2176	450.7374611
2177	450.6937179
2178	450.6739249
2179	450.6652488
2180	450.6417274
2181	450.6199568
2182	450.5766322
2183	450.544372
2184	450.5300449
2185	450.5092715
2186	450.4825383
2187	450.4704354
2188	450.4539415
2189	450.4012102
2190	450.3842791
2191	450.3438684
2192	450.3252645
2193	450.2699204
2194	450.2514238
2195	450.2129742
2196	450.2061381
2197	450.174548
2198	450.1405724
2199	450.1165637
2200	450.111806
2201	450.0946134
2202	450.052214
2203	450.0175475
2204	449.9566469
2205	449.9300111
2206	449.9160488
2207	449.8816759
2208	449.836029
2209	449.8102419
2210	449.797706
2211	449.7774705
2212	449.7218779
2213	449.7097976
2214	449.6989114
2215	449.6626354
2216	449.64298
2217	449.6155551
2218	449.5811914
2219	449.523731
2220	449.4729036
2221	449.4442329
2222	449.3991698
2223	449.3780527
2224	449.3688811
2225	449.3392656
2226	449.3079319
2227	449.2881932
2228	449.2625418
2229	449.2522182
2230	449.2037138
2231	449.1744136
2232	449.1474202
2233	449.0965741
2234	449.0568908
2235	449.0397779
2236	449.0218888
2237	449.0052901
2238	448.9627853
2239	448.9498889
2240	448.8969412
2241	448.8670987
2242	448.8057207
2243	448.7572652
2244	448.7200685
2245	448.6849335
2246	448.6534163
2247	448.6313408
2248	448.6058634
2249	448.5805555
2250	448.5490342
2251	448.5321499
2252	448.4740032
2253	448.4691428
2254	448.4576722
2255	448.4279843
2256	448.4008105
2257	448.3922933
2258	448.3709796
2259	448.336581
2260	448.2983829
2261	448.2683786
2262	448.2223007
2263	448.2139178
2264	448.1940572
2265	448.1691062
2266	448.1215064
2267	448.1076209
2268	448.0896688
2269	448.0666202
2270	448.0295727
2271	448.0129987
2272	447.9672076
2273	447.9464834
2274	447.9145129
2275	447.8817168
2276	447.8626338
2277	447.8541515
2278	447.8309523
2279	447.8068047
2280	447.7872524
2281	447.7677801
2282	447.7459224
2283	447.6944344
2284	447.6499455
2285	447.6396008
2286	447.5887102
2287	447.5777156
2288	447.5461255
2289	447.5265501
2290	447.5168212
2291	447.5056995
2292	447.4777886
2293	447.4380739
2294	447.3963823
2295	447.3715357
2296	447.3429743
2297	447.3210808
2298	447.2869636
2299	447.252507
2300	447.2088081
2301	447.181136
2302	447.1386963
2303	447.1064081
2304	447.0999863
2305	447.0637154
2306	447.0308609
2307	446.9843625
2308	446.9418351
2309	446.9036402
2310	446.847813
2311	446.8229503
2312	446.8023121
2313	446.7933406
2314	446.770961
2315	446.7617297
2316	446.7017835
2317	446.6845389
2318	446.6699982
2319	446.6270913
2320	446.6064172
2321	446.5919187
2322	446.5393593
2323	446.5237502
2324	446.5128048
2325	446.474045
2326	446.4502979
2327	446.4408671
2328	446.4197126
2329	446.3678627
2330	446.3159499
2331	446.2808743
2332	446.2194817
2333	446.1848003
2334	446.1610145
2335	446.1121334
2336	446.0644672
2337	446.0140908
2338	445.9812728
2339	445.9212157
2340	445.9087299
2341	445.8940198
2342	445.8649075
2343	445.8467501
2344	445.8418636
2345	445.8048096
2346	445.7699972
2347	445.757255
2348	445.7220792
2349	445.7155708
2350	445.7051191
2351	445.6823957
2352	445.6497786
2353	445.6123126
2354	445.5668543
2355	445.5420842
2356	445.5215973
2357	445.5049965
2358	445.4985512
2359	445.4601887
2360	445.4546835
2361	445.4095454
2362	445.3948581
2363	445.3585014
2364	445.3233431
2365	445.3129996
2366	445.2552606
2367	445.2345418
2368	445.221327
2369	445.1831668
2370	445.1509727
2371	445.1158164
2372	445.0657638
2373	444.9989678
2374	444.9665388
2375	444.9056461
2376	444.8970552
2377	444.8859326
2378	444.8522312
2379	444.8170875
2380	444.8094065
2381	444.7822696
2382	444.7493135
2383	444.7151191
2384	444.6853658
2385	444.6775075
2386	444.6449409
2387	444.5827306
2388	444.5257432
2389	444.4710492
2390	444.436239
2391	444.4095845
2392	444.3579409
2393	444.3376985
2394	444.317384
2395	444.2676487
2396	444.2553999
2397	444.2185106
2398	444.2031799
2399	444.1855669
2400	444.1405958
2401	444.1088495
2402	444.0839088
2403	444.061492
2404	444.0243878
2405	443.9945236
2406	443.974781
2407	443.9592575
2408	443.9399114
2409	443.8954262
2410	443.8456391
2411	443.8383995
2412	443.7994762
2413	443.7874959
2414	443.7594052
2415	443.7491152
2416	443.7316197
2417	443.6692561
2418	443.6480606
2419	443.6306657
2420	443.6215437
2421	443.5819253
2422	443.5547295
2423	443.4783946
2424	443.463671
2425	443.3955064
2426	443.3537055
2427	443.3080214
2428	443.2857088
2429	443.2752731
2430	443.2552909
2431	443.2162148
2432	443.2086653
2433	443.2037364
2434	443.1749509
2435	443.1336735
2436	443.0969638
2437	443.0627555
2438	443.024929
2439	443.0132966
2440	443.0079952
2441	442.9819286
2442	442.9312828
2443	442.8791704
2444	442.844208
2445	442.8104771
2446	442.7973728
2447	442.7925124
2448	442.7636113
2449	442.7545359
2450	442.7460437
2451	442.7255809
2452	442.7104737
2453	442.6640974
2454	442.6192405
2455	442.5989068
2456	442.5869748
2457	442.5661118
2458	442.5488461
2459	442.5300064
2460	442.5083458
2461	442.5036227
2462	442.4675731
2463	442.4267844
2464	442.3853192
2465	442.3361709
2466	442.3324272
2467	442.294777
2468	442.2544978
2469	442.2270277
2470	442.2036562
2471	442.1999488
2472	442.1862295
2473	442.1539954
2474	442.1434984
2475	442.1221123
2476	442.073129
2477	442.0586644
2478	442.0426907
2479	441.9946967
2480	441.9620813
2481	441.953587
2482	441.9228417
2483	441.8879673
2484	441.8457163
2485	441.8200128
2486	441.7995601
2487	441.7877157
2488	441.7824191
2489	441.7673691
2490	441.747254
2491	441.7323662
2492	441.7042804
2493	441.681267
2494	441.6336085
2495	441.5918492
2496	441.5880052
2497	441.5614059
2498	441.5217873
2499	441.5103144
2500	441.4874491
2501	441.4606355
2502	441.4463925
2503	441.4071091
2504	441.3719986
2505	441.3306177
2506	441.305484
2507	441.2874513
2508	441.2665229
2509	441.262857
2510	441.2560467
2511	441.2458689
2512	441.2163334
2513	441.1476839
2514	441.1255575
2515	441.0998217
2516	441.0419207
2517	441.0182713
2518	440.9662604
2519	440.954253
2520	440.9369846
2521	440.9055895
2522	440.8525289
2523	440.8280962
2524	440.8181966
2525	440.8150391
2526	440.7869012
2527	440.7782585
2528	440.7472316
2529	440.7344273
2530	440.7103769
2531	440.6924573
2532	440.6823245
2533	440.6344054
2534	440.6000983
2535	440.5771259
2536	440.54656
2537	440.5193398
2538	440.4400426
2539	440.4250626
2540	440.3758639
2541	440.357217
2542	440.3369531
2543	440.3148902
2544	440.3058017
2545	440.2713124
2546	440.2358648
2547	440.2265512
2548	440.1968002
2549	440.1756938
2550	440.1436917
2551	440.1242281
2552	440.0724347
2553	439.9973153
2554	439.9652493
2555	439.9506646
2556	439.9397907
2557	439.9173324
2558	439.8768072
2559	439.8479789
2560	439.8354859
2561	439.815769
2562	439.7900692
2563	439.7721015
2564	439.7667265
2565	439.7420621
2566	439.7189766
2567	439.6701233
2568	439.6196921
2569	439.5876434
2570	439.5254609
2571	439.4812211
2572	439.4565298
2573	439.4340101
2574	439.4247345
2575	439.4052749
2576	439.3821582
2577	439.3396416
2578	439.3115751
2579	439.2924297
2580	439.2610924
2581	439.2512931
2582	439.2436546
2583	439.2338114
2584	439.1665851
2585	439.1335936
2586	439.1040979
2587	439.0777762
2588	439.0477799
2589	439.0307481
2590	439.0003374
2591	438.9894073
2592	438.9746077
2593	438.9589762
2594	438.90451
2595	438.8801601
2596	438.8508491
2597	438.8056944
2598	438.7701521
2599	438.715131
2600	438.694374
2601	438.66105
2602	438.6385631
2603	438.5989412
2604	438.5854366
2605	438.5773387
2606	438.5460943
2607	438.543691
2608	438.5386925
2609	438.5043061
2610	438.4879156
2611	438.4648921
2612	438.4553357
2613	438.4302481
2614	438.4081387
2615	438.3378392
2616	438.3213594
2617	438.3140438
2618	438.290131
2619	438.2650817
2620	438.2147674
2621	438.2080201
2622	438.1652307
2623	438.1294481
2624	438.1187608
2625	438.1019335
2626	438.0987031
2627	438.0812637
2628	438.0641271
2629	438.0410032
2630	438.0123792
2631	437.9539782
2632	437.9362243
2633	437.9239937
2634	437.916029
2635	437.907884
2636	437.8712002
2637	437.8292286
2638	437.8228472
2639	437.788095
2640	437.7773796
2641	437.7631143
2642	437.7393605
2643	437.6857258
2644	437.6697108
2645	437.6598101
2646	437.6345082
2647	437.5975291
2648	437.5792677
2649	437.5653573
2650	437.5276772
2651	437.5231344
2652	437.499613
2653	437.4419599
2654	437.4069528
2655	437.3785176
2656	437.3663886
2657	437.3265353
2658	437.313438
2659	437.3088374
2660	437.2993101
2661	437.2845425
2662	437.2783215
2663	437.255748
2664	437.2145749
2665	437.1821912
2666	437.1613192
2667	437.1444308
2668	437.1133255
2669	437.0866782
2670	437.0364361
2671	437.0245771
2672	436.9967734
2673	436.951282
2674	436.913058
2675	436.8611708
2676	436.844734
2677	436.7987801
2678	436.7582878
2679	436.6788627
2680	436.6529981
2681	436.6373093
2682	436.6240764
2683	436.5813612
2684	436.5314667
2685	436.5204887
2686	436.5111331
2687	436.5039712
2688	436.4925302
2689	436.4731331
2690	436.4450618
2691	436.4305948
2692	436.4084118
2693	436.3841754
2694	436.3522085
2695	436.3376589
2696	436.3255945
2697	436.2978712
2698	436.2901475
2699	436.2652892
2700	436.2562259
2701	436.2478924
2702	436.2306789
2703	436.206228
2704	436.1811032
2705	436.1668383
2706	436.1498837
2707	436.1176806
2708	436.1138176
2709	436.0861962
2710	436.054675
2711	436.0331693
2712	435.993895
2713	435.9801864
2714	435.9541936
2715	435.9113899
2716	435.8800651
2717	435.833864
2718	435.8085609
2719	435.8009836
2720	435.7717954
2721	435.7411614
2722	435.7231376
2723	435.7119337
2724	435.7075153
2725	435.6863792
2726	435.6571988
2727	435.6325687
2728	435.585598
2729	435.5563571
2730	435.5415259
2731	435.5182769
2732	435.4965778
2733	435.4648035
2734	435.4271593
2735	435.3943169
2736	435.3617064
2737	435.3426625
2738	435.3373154
2739	435.3133347
2740	435.2892767
2741	435.263662
2742	435.2353964
2743	435.2263333
2744	435.1999802
2745	435.1571618
2746	435.1469485
2747	435.1316115
2748	435.1189728
2749	435.0847047
2750	435.0498947
2751	435.0275596
2752	435.0055243
2753	434.9999997
2754	434.9901604
2755	434.9591783
2756	434.9520729
2757	434.9281151
2758	434.8890138
2759	434.8656902
2760	434.8475232
2761	434.8303029
2762	434.7897726
2763	434.7455034
2764	434.7170651
2765	434.6928725
2766	434.6732745
2767	434.6346536
2768	434.6269144
2769	434.5985678
2770	434.5550655
2771	434.5138994
2772	434.4783324
2773	434.4433926
2774	434.4321268
2775	434.4204837
2776	434.3977934
2777	434.3918806
2778	434.3592093
2779	434.3409272
2780	434.327593
2781	434.3143537
2782	434.3024283
2783	434.2712642
2784	434.2510972
2785	434.2191818
2786	434.1993516
2787	434.1646103
2788	434.1376805
2789	434.1214893
2790	434.1126648
2791	434.0841711
2792	434.047005
2793	434.0390717
2794	434.0199845
2795	433.9778477
2796	433.947223
2797	433.9274866
2798	433.8592167
2799	433.8390534
2800	433.8221269
2801	433.8180863
2802	433.8067522
2803	433.7715157
2804	433.7524945
2805	433.7293586
2806	433.682492
2807	433.6752636
2808	433.6389622
2809	433.6210986
2810	433.5995268
2811	433.5834845
2812	433.5779318
2813	433.5480573
2814	433.5368123
2815	433.5124804
2816	433.4840712
2817	433.4784705
2818	433.4525489
2819	433.4212156
2820	433.3901772
2821	433.3425087
2822	433.3177428
2823	433.2633166
2824	433.2398009
2825	433.2001793
2826	433.1223511
2827	433.0988968
2828	433.0758679
2829	433.0588051
2830	433.0473352
2831	433.0403975
2832	433.0132628
2833	432.9910673
2834	432.9582444
2835	432.9433982
2836	432.9150641
2837	432.8903007
2838	432.8508798
2839	432.8035586
2840	432.7780759
2841	432.7634102
2842	432.7437939
2843	432.6832019
2844	432.6654917
2845	432.6364313
2846	432.6248326
2847	432.5865174
2848	432.5791463
2849	432.5516697
2850	432.5462614
2851	432.5216302
2852	432.4809956
2853	432.4585989
2854	432.4271272
2855	432.3877578
2856	432.3653646
2857	432.3290807
2858	432.3038716
2859	432.2853831
2860	432.2662587
2861	432.230055
2862	432.203235
2863	432.1780536
2864	432.1543892
2865	432.136551
2866	432.1172661
2867	432.041339
2868	432.0338118
2869	431.9989471
2870	431.9780092
2871	431.9603062
2872	431.9316844
2873	431.9138984
2874	431.8622745
2875	431.8289682
2876	431.809639
2877	431.7781987
2878	431.7620021
2879	431.73753
2880	431.6888148
2881	431.6650264
2882	431.6461089
2883	431.6175273
2884	431.5977754
2885	431.5766227
2886	431.5350388
2887	431.5217776
2888	431.5066694
2889	431.4942921
2890	431.4707386
2891	431.4317269
2892	431.4270016
2893	431.4157985
2894	431.3698551
2895	431.3496209
2896	431.3151868
2897	431.2575772
2898	431.2397026
2899	431.2175139
2900	431.1857605
2901	431.1687081
2902	431.1525137
2903	431.1117863
2904	431.1038844
2905	431.0978341
2906	431.0406606
2907	431.023798
2908	431.0066954
2909	430.9852912
2910	430.9591045
2911	430.9435582
2912	430.9250113
2913	430.8990528
2914	430.8559676
2915	430.8434849
2916	430.824943
2917	430.779874
2918	430.7476653
2919	430.7185355
2920	430.6871462
2921	430.6710166
2922	430.6543726
2923	430.6337887
2924	430.6066474
2925	430.5954916
2926	430.5821574
2927	430.5262395
2928	430.4943181
2929	430.4835853
2930	430.4690318
2931	430.4581462
2932	430.4484653
2933	430.4384648
2934	430.4200016
2935	430.3775492
2936	430.3552162
2937	430.3339507
2938	430.3158292
2939	430.266055
2940	430.210273
2941	430.1880071
2942	430.1672841
2943	430.137126
2944	430.1128783
2945	430.0675035
2946	430.0642147
2947	430.0518535
2948	430.0426319
2949	430.0122185
2950	429.9983903
2951	429.9816163
2952	429.9560014
2953	429.9321257
2954	429.9167423
2955	429.9098929
2956	429.8858895
2957	429.862296
2958	429.8417428
2959	429.8090853
2960	429.797827
2961	429.7690645
2962	429.7597378
2963	429.7473918
2964	429.7399491
2965	429.7255047
2966	429.6987984
2967	429.6630727
2968	429.6527228
2969	429.6214692
2970	429.5753129
2971	429.5512393
2972	429.5354561
2973	429.4936276
2974	429.4285228
2975	429.4158197
2976	429.3975062
2977	429.3729628
2978	429.3436709
2979	429.3262407
2980	429.3076747
2981	429.2829678
2982	429.2305917
2983	429.2169513
2984	429.2016428
2985	429.1922694
2986	429.1864574
2987	429.1634988
2988	429.1436496
2989	429.1004916
2990	429.0857693
2991	429.0560922
2992	429.0333874
2993	429.0047307
2994	429.0005683
2995	428.9912616
2996	428.9715928
2997	428.9389528
2998	428.9098462
2999	428.8770664
>>>>>>> ac94707f259281e7256b76e29ef878ba9dbf6504
